,snv_001,snv_002,snv_003,snv_004,snv_005,snv_006,snv_007,snv_008,snv_009,snv_010,snv_011,snv_012,snv_013,snv_014,snv_015,snv_016,snv_017,snv_018,snv_019,snv_020,snv_021,snv_022,snv_023,snv_024,snv_025,snv_026,snv_027,snv_028,snv_029,snv_030,snv_031,snv_032,snv_033,snv_034,snv_035,snv_036,snv_037,snv_038,snv_039,snv_040,snv_041,snv_042,snv_043,snv_044,snv_045,snv_046,snv_047,snv_048,snv_049,snv_050,snv_051,snv_052,snv_053,snv_054,snv_055,snv_056,snv_057,snv_058,snv_059,snv_060
S01,2,1,1,0,0,1,0,0,1,0,1,0,1,1,0,0,0,1,1,1,0,0,0,1,1,1,1,2,0,1,0,1,0,0,0,1,1,0,2,1,0,0,1,1,1,1,0,0,0,0,1,2,0,1,0,0,0,1,1,0
S02,0,1,0,1,1,0,1,0,0,0,1,1,0,0,0,2,0,0,0,1,1,1,1,0,2,1,0,0,0,1,1,1,0,1,0,0,1,0,2,1,0,1,2,0,0,0,1,1,1,1,1,0,2,1,1,1,1,0,1,0
S03,0,1,1,0,0,0,0,0,1,0,1,2,0,0,0,0,2,0,0,1,0,0,1,0,0,0,1,1,1,0,0,1,1,0,0,0,1,0,0,0,0,1,0,0,2,1,0,1,1,0,1,0,0,2,0,0,0,2,0,1
S04,1,0,0,1,0,0,1,1,0,0,0,0,1,2,1,0,1,0,0,0,2,1,0,2,0,0,1,1,1,0,0,0,1,0,0,1,1,2,1,2,0,1,1,1,0,1,1,0,1,0,0,0,0,1,0,2,0,0,0,1
S05,1,0,1,0,0,0,0,1,1,0,1,0,0,0,1,1,1,0,1,1,1,1,0,0,0,0,1,1,0,0,1,1,0,0,2,1,1,0,0,0,0,0,1,1,0,0,1,0,1,1,0,0,1,1,0,0,1,0,0,1
S06,1,1,1,0,1,0,1,0,1,1,0,2,1,0,1,1,0,0,1,1,0,2,0,1,0,0,0,0,0,0,0,2,0,0,0,0,0,0,0,1,0,1,0,1,0,1,1,0,1,1,1,1,0,1,0,0,0,0,1,0
S07,0,1,0,1,1,0,1,1,1,2,2,0,0,0,0,1,1,0,1,0,1,2,0,0,1,0,0,2,1,0,0,2,2,0,0,1,0,0,0,0,0,0,1,2,0,0,1,1,1,1,1,0,0,0,2,2,1,1,1,2
S08,1,1,0,1,0,0,0,0,2,1,1,0,0,0,1,0,0,1,1,0,1,0,0,1,2,0,0,1,1,1,0,1,0,0,1,1,1,1,0,2,0,1,1,1,0,1,2,0,2,0,1,2,2,0,2,1,1,1,0,1
S09,1,0,1,1,1,0,1,1,1,0,0,0,0,0,0,1,0,0,0,0,1,1,1,1,2,0,1,0,0,0,1,0,1,0,1,0,0,2,0,0,0,0,0,0,0,1,0,2,2,0,1,0,0,1,0,0,0,0,1,0
S10,2,1,1,2,0,1,0,0,1,1,1,0,1,1,0,0,1,0,1,1,1,2,2,0,1,1,1,1,0,0,0,1,0,2,1,1,2,1,1,0,0,1,1,1,0,0,0,2,1,0,0,0,0,1,0,1,0,0,1,1
S11,1,0,1,0,1,0,0,1,2,0,1,0,1,1,1,1,2,1,1,2,0,1,1,1,1,0,1,1,0,0,1,0,1,0,2,1,0,1,0,0,0,1,1,2,0,1,0,1,2,0,0,0,1,0,2,1,0,1,1,2
S12,0,0,1,1,0,1,0,1,1,0,0,1,0,0,1,0,0,2,0,0,0,0,1,1,0,0,2,0,0,0,2,0,1,0,0,0,0,1,0,1,2,0,1,0,0,0,1,1,0,1,1,0,0,0,2,0,1,0,1,0
S13,1,2,1,0,0,0,1,1,0,0,0,1,1,0,2,1,0,0,0,1,1,2,0,1,1,2,1,1,1,2,0,0,0,0,1,1,1,0,1,0,0,1,0,0,0,0,1,0,1,1,1,2,2,1,1,0,0,1,0,0
S14,0,0,0,0,1,0,0,0,1,0,1,0,0,1,1,0,1,0,2,0,0,0,0,1,2,0,0,0,0,0,0,1,0,0,0,0,1,0,1,1,2,1,2,0,1,1,0,0,0,0,0,1,1,1,1,1,1,1,0,0
S15,1,0,0,0,1,2,1,1,0,0,1,0,0,2,0,1,0,2,0,1,1,1,0,0,0,0,0,0,1,2,1,0,0,2,1,0,1,1,0,1,0,0,1,1,0,0,1,0,0,1,0,1,2,0,1,0,0,0,1,1
S16,0,0,0,0,0,2,0,1,0,0,0,1,0,0,0,1,0,0,1,1,0,1,1,0,0,0,1,0,0,1,1,0,0,1,0,1,1,0,0,0,0,1,1,1,2,0,0,1,1,0,0,1,0,0,0,1,1,0,0,0
S17,0,0,0,1,0,0,1,1,1,1,0,0,0,0,0,1,1,1,1,2,1,0,0,1,1,1,2,1,1,0,1,0,1,0,0,1,1,1,0,1,0,1,2,0,0,1,0,0,0,0,0,0,1,1,0,1,1,0,1,2
S18,0,0,0,2,0,1,0,1,0,0,0,1,0,0,0,0,1,1,1,1,2,1,1,2,1,0,1,0,1,1,2,1,1,0,2,0,1,1,0,0,0,0,0,0,2,0,0,0,1,0,1,1,0,0,1,1,1,0,0,0
S19,1,1,0,1,0,0,1,0,1,0,1,2,1,0,2,1,1,0,1,1,1,0,0,0,1,1,1,1,1,2,0,0,0,0,0,0,0,0,0,1,0,1,1,1,1,0,2,0,0,1,1,0,1,1,0,1,2,1,0,0
S20,0,0,1,0,1,1,2,1,0,0,1,1,0,2,1,0,0,0,1,0,0,1,2,0,1,1,1,0,1,1,2,1,1,1,1,0,1,1,1,1,0,0,0,0,1,1,1,1,0,1,1,0,1,1,1,0,2,0,1,0
S21,0,0,1,0,1,0,0,0,0,0,1,0,2,0,0,1,1,0,1,1,1,2,0,0,0,0,1,1,1,0,0,0,1,0,0,1,2,1,1,0,1,1,0,2,0,1,1,0,1,1,0,0,1,1,1,0,0,0,2,1
S22,1,0,1,1,1,0,0,1,1,0,0,1,1,0,0,1,0,1,0,0,1,1,0,0,1,1,0,0,1,0,2,1,0,0,1,0,1,1,0,1,0,2,1,1,1,2,0,0,1,0,1,1,1,1,2,2,0,1,1,0
S23,0,0,1,1,0,0,0,0,0,0,1,2,0,0,0,1,0,1,0,0,0,1,0,0,1,1,0,1,0,2,1,0,0,1,1,1,1,1,0,0,1,1,0,0,1,2,1,0,1,1,1,0,0,1,0,0,1,0,0,1
S24,0,2,0,1,1,0,1,0,0,0,1,1,2,0,1,1,0,0,0,1,0,0,1,0,0,1,1,0,1,0,1,0,0,0,0,1,2,1,0,0,1,1,2,0,1,0,1,2,1,1,2,0,1,0,0,1,1,0,1,1
S25,0,0,1,2,1,0,0,2,0,2,0,0,2,1,1,2,0,0,0,0,0,0,0,0,0,1,1,0,0,0,2,0,1,0,0,0,0,1,1,0,0,1,0,0,1,1,1,1,0,2,0,1,1,1,0,1,0,0,0,0
S26,1,1,1,0,1,1,2,0,1,0,1,1,2,2,0,1,0,2,0,0,1,0,0,2,2,1,0,0,0,0,1,1,1,1,1,1,0,0,0,1,0,1,1,1,1,1,0,1,1,1,1,0,1,1,1,1,2,2,0,0
S27,1,0,1,0,0,0,0,0,0,0,0,0,1,0,1,0,2,0,1,0,2,0,0,0,0,2,2,0,0,1,2,2,1,1,0,0,0,1,1,0,1,1,0,0,1,0,1,2,2,1,0,1,1,2,1,1,2,1,1,0
S28,0,0,0,0,2,0,0,1,1,0,0,0,0,0,0,1,1,1,1,1,0,2,0,1,0,1,2,0,1,0,1,0,1,0,2,1,1,1,0,0,0,1,0,0,1,2,0,1,1,0,0,2,0,0,0,0,0,0,1,1
S29,1,1,2,0,1,1,0,0,0,0,0,0,0,0,0,1,0,0,1,0,2,1,0,0,1,0,0,1,0,0,1,0,1,1,0,2,0,1,1,0,1,0,0,2,0,0,1,0,0,0,1,1,0,1,1,0,2,1,1,1
S30,2,0,0,1,0,1,2,1,0,1,0,0,0,1,0,1,1,2,0,2,0,1,1,1,0,0,0,0,1,0,0,1,1,0,1,1,2,0,1,1,1,0,1,1,1,0,1,0,1,0,0,1,1,0,0,0,1,0,0,1
S31,1,0,1,0,1,0,1,0,0,0,1,0,2,0,0,1,1,1,0,1,1,1,1,0,0,0,1,0,2,2,1,0,0,1,2,0,1,1,0,0,0,0,1,1,1,1,0,0,0,0,0,1,0,1,0,1,1,1,2,0
S32,0,0,1,0,2,1,0,0,1,1,1,2,1,1,1,0,0,1,1,1,1,0,0,0,2,1,1,2,0,0,1,0,0,1,1,0,0,2,1,1,1,1,0,1,1,0,1,0,2,0,1,1,1,0,2,0,1,0,0,1
S33,0,0,0,0,1,1,1,1,1,2,0,1,1,2,0,0,0,0,0,1,0,0,1,0,2,0,0,0,0,0,1,0,0,0,0,0,1,0,1,0,0,1,0,0,1,2,1,0,1,0,0,1,1,1,1,1,1,2,1,1
S34,1,1,1,1,1,1,1,0,0,1,0,1,0,1,2,2,0,1,1,0,0,1,0,1,2,1,1,0,0,1,1,0,1,1,0,0,1,2,1,1,0,1,1,0,1,1,0,1,0,1,1,0,0,0,0,0,0,0,0,0
S35,1,1,0,1,0,1,0,2,0,0,1,0,0,1,1,0,1,0,1,2,0,0,0,1,2,2,0,0,1,0,2,0,0,0,2,0,2,0,1,0,2,2,2,0,0,2,1,0,0,2,0,1,0,0,1,0,1,0,1,0
S36,0,0,0,0,1,0,0,2,0,0,1,0,1,1,1,1,0,1,0,1,1,0,0,0,0,1,0,1,2,2,1,0,0,0,0,1,0,0,1,0,1,0,1,0,1,0,1,0,0,2,0,1,0,2,0,1,1,0,1,0
S37,1,1,0,0,0,0,1,0,0,1,0,0,0,1,2,0,1,2,1,0,1,0,0,0,0,1,0,1,0,2,2,1,2,0,0,0,1,0,1,1,0,0,1,1,0,1,1,2,1,0,2,1,2,0,0,2,0,0,2,2
S38,1,1,1,1,0,0,1,1,0,0,0,0,0,0,0,2,2,0,0,0,0,1,0,2,0,0,1,1,1,0,2,1,0,1,0,0,0,0,0,1,1,0,0,1,0,0,2,0,1,1,0,0,1,1,0,0,0,0,0,1
S39,0,1,1,1,1,0,0,0,0,1,1,0,0,1,1,1,1,0,0,1,1,0,1,2,0,1,2,0,2,0,0,0,0,1,0,2,0,0,0,1,0,1,2,0,1,1,1,1,0,0,0,1,0,0,2,1,1,1,1,1
S40,0,0,2,0,0,1,0,0,0,1,0,1,0,1,0,2,0,0,0,1,0,0,0,0,2,1,0,0,0,0,0,1,1,0,1,1,0,0,0,1,0,1,1,1,0,1,1,0,0,1,1,1,0,1,1,1,1,0,1,0
